name,sigma,width,height,psnr,ssim
1.png,0.0,600,400,18.94424057006836,0.6953673362731934
111.png,0.0,600,400,23.080307006835938,0.5645161271095276
146.png,0.0,600,400,16.344451904296875,0.5659052729606628
179.png,0.0,600,400,10.581779479980469,0.42951592803001404
22.png,0.0,600,400,21.658647537231445,0.5675871968269348
23.png,0.0,600,400,11.817319869995117,0.46071577072143555
493.png,0.0,600,400,17.02234649658203,0.4416164457798004
547.png,0.0,600,400,19.11312484741211,0.4847019910812378
55.png,0.0,600,400,11.629924774169922,0.4706233739852905
665.png,0.0,600,400,15.872074127197266,0.5091640949249268
669.png,0.0,600,400,21.671794891357422,0.4943203032016754
748.png,0.0,600,400,20.630325317382812,0.5811084508895874
778.png,0.0,600,400,20.20046615600586,0.6081592440605164
780.png,0.0,600,400,16.87462615966797,0.46457982063293457
79.png,0.0,600,400,23.317739486694336,0.5702574849128723
