epoch,loss,rec,ms_ssim,grad,val_psnr,val_ssim,lr,train_seconds,val_seconds,images_seen
1,0.22989555525368657,0.03807054417229247,0.19420520259046006,0.18792164496991826,15.228097047805786,0.5259133005142211,0.01,23.40090012497967,3.1529354589874856,435
2,0.19237323944596038,0.035831527548959886,0.1897703107746168,0.15269324132080736,15.485409097671509,0.5259679245948792,0.01,22.47795758297434,3.123331666982267,435
3,0.1688046527319941,0.03427333269139816,0.18942482307039457,0.1306525295835802,15.826244773864746,0.5264237082004547,0.01,22.200769500050228,3.1300775830168277,435
4,0.16184308645368992,0.03219723915574194,0.19072015189576422,0.1256827743745398,15.864953355789185,0.5217958897352218,0.01,22.250365208019502,3.1014749580062926,435
5,0.15657897344950972,0.03117934593010223,0.19584375345843963,0.12128301547176537,15.89743730545044,0.5198941719532013,0.01,22.224558208021335,3.0862107910215855,435
6,0.1516907062681242,0.030675555033416582,0.19818954084111357,0.11682730296562457,15.945316133499146,0.5183691048622131,0.01,22.175126416026615,3.155619083030615,435
7,0.14900602845624947,0.030468174780922376,0.19990215972922315,0.11430200309246435,15.915619144439697,0.5177101969718934,0.01,23.162361000024248,3.185122416995,435
8,0.14557536271796828,0.030314898032737875,0.202150733991601,0.11096456732558108,15.908681659698486,0.516664770245552,0.01,23.502359666046686,3.3542734580114484,435
9,0.14251442202206316,0.03026805381322729,0.2023458158832857,0.10794442241219268,15.91058433532715,0.5161101520061493,0.01,26.06006729201181,3.669397499994375,435
10,0.13913891096224731,0.030129865497008138,0.20235335621340522,0.10470345753362809,15.97679060935974,0.5161483907699584,0.01,25.556487291993108,3.245529916952364,435
11,0.1366392489651154,0.030011702361034936,0.20330236698019094,0.10229528018797951,15.994301986694335,0.5161062288284302,0.01,26.014722499996424,3.930329790979158,435
12,0.1341273700711371,0.029974308121820975,0.20228498146451754,0.09984529600746331,15.951092042922973,0.5147438150644302,0.01,24.781349416996818,3.289189334027469,435
13,0.13228365573389778,0.029989042126669967,0.2030544781136787,0.09796797903789871,15.978971862792969,0.5160297602415085,0.01,26.462106791965198,3.8996098329662345,435
14,0.1310081692605183,0.030122248263194644,0.20253916992538276,0.09657549703943319,16.02315259933472,0.5154416579008102,0.01,24.8149677090114,3.1356695410213433,435
15,0.1299687966533091,0.030016783924623466,0.2055276125326924,0.09556424026859217,15.963374185562134,0.5163812518119812,0.01,25.970838291046675,3.787182833009865,435
16,0.12900005143949356,0.030162759061003554,0.20316204736972676,0.09451230975060627,15.92875370979309,0.5131525331735611,0.01,24.760583582974505,3.782250832999125,435
17,0.12846274100158406,0.03009000908711861,0.20616069881395363,0.09397096323898468,15.990812072753906,0.5156343024969101,0.01,25.858484499971382,3.402341874956619,435
18,0.12796711022483892,0.03001876425897253,0.20493177093308548,0.09357552144719267,16.024134511947633,0.5145962888002396,0.01,25.111497959005646,3.834335250023287,435
19,0.12817101463161665,0.030175009035858614,0.2050424430562162,0.09362432103732536,15.978779783248902,0.5141541934013367,0.01,24.57795312500093,3.156992625037674,435
20,0.12725807007016807,0.030077135896888273,0.20876332055563215,0.09271377856018899,16.061188888549804,0.5156236219406128,0.01,25.72894991596695,3.9837081670411862,435
21,0.12714060490158782,0.0300905740252514,0.20638532474123197,0.09264265917155934,16.01875831604004,0.513707994222641,0.01,25.164175375015475,3.8346099999616854,435
22,0.1268849055999997,0.02996005171417505,0.2099269039329441,0.09242568310649915,15.960393552780152,0.5143461012840271,0.01,25.534433916967828,3.110451499989722,435
23,0.12636727454333468,0.030153346622641058,0.20942275688566012,0.0917321912858678,16.01318461418152,0.5133007371425629,0.01,25.61928095802432,3.691683417011518,435
24,0.12635835028927903,0.029980500474914736,0.21043939151983151,0.09186637821211212,16.008168087005615,0.5142804849147796,0.01,24.275407999986783,3.19012612500228,435
25,0.12668994754210286,0.03012880563050851,0.2112643458377356,0.09203275044759114,15.929180326461791,0.5149865359067917,0.01,29.365029209002387,3.7566104999859817,435
26,0.1266529677414346,0.030223841704000002,0.21092622924125057,0.0919115652983216,15.989550609588623,0.5139186495542526,0.01,24.316056458977982,3.948929416015744,435
27,0.12605198772474266,0.030203269473437606,0.2113280981436543,0.09132059543639764,16.009450721740723,0.513334487080574,0.01,26.306432375044096,3.561482499993872,435
28,0.1256943721880858,0.030132673316817175,0.21441001590641065,0.09095476456414694,15.948198261260986,0.5128367966413498,0.01,23.97317229199689,3.8256102500017732,435
29,0.12537818761735126,0.03019110264320826,0.2115996939012374,0.09065186788980988,15.96002661705017,0.5127165913581848,0.01,26.068079290969763,3.0759587500360794,435
30,0.12524139932517347,0.030084452516902453,0.2135731153104497,0.09056972857864423,15.944556999206544,0.5131353384256363,0.01,23.67664112499915,3.0949621250038035,435
31,0.1252409872309915,0.0300552186438407,0.21400044361750284,0.09058713784505582,15.951063995361329,0.5133949995040894,0.01,25.654808708000928,3.892946167034097,435
32,0.1250361817321558,0.030147113848006588,0.21271643282353192,0.09032483510244851,15.955556526184083,0.5133313477039337,0.01,24.49817587499274,3.0279611670412123,435
33,0.12525720979975558,0.03017728899916013,0.21267508569805102,0.09051747534466886,16.01497742652893,0.5133660846948623,0.01,27.297666124999523,3.571206583001185,435
34,0.12497710136846564,0.030039585698610066,0.21274562950791984,0.09036986495571575,16.01799112319946,0.513861990571022,0.01,25.775889999989886,3.3581984160118736,435
35,0.1251035615287978,0.03008204388121764,0.21269026981002984,0.09045631344290986,16.02685627937317,0.5139823818206787,0.01,25.345371458039153,3.837473666993901,435
36,0.1248980669797152,0.03005316172694338,0.2115831107928835,0.09030665457248688,16.002213563919067,0.5136823302507401,0.01,24.88599516596878,3.475940915988758,435
37,0.12464673491730087,0.030052801058895285,0.2126297697253611,0.09002950650522079,16.052854156494142,0.5148539251089096,0.01,26.328669667011127,3.8901499589555897,435
38,0.1250943618601766,0.03020290293912778,0.21141404872653127,0.0903611794627946,16.027580556869506,0.5136591428518296,0.01,25.116260166978464,3.7266188749927096,435
39,0.12495006655139484,0.03024323622899494,0.21038281712038764,0.09020333831337676,16.031264114379884,0.514177143573761,0.01,25.620249542000238,3.1288892080192454,435
40,0.12445147155687727,0.0301601838149216,0.21227133000034026,0.08973850806554158,16.024712047576905,0.5144521141052246,0.01,26.3121515000239,3.7724989160196856,435
41,0.12430371275578422,0.0300723974346772,0.2108250890655079,0.08971249843123315,15.96451418876648,0.5141433382034302,0.001,24.42085670796223,3.986437832994852,435
42,0.12393942184146793,0.030160711414512546,0.21214411793083982,0.08922912565798595,15.970754718780517,0.5136159157752991,0.001,26.234221582999453,3.7393619579961523,435
43,0.12386190017749524,0.03009030796673106,0.21266056271805162,0.08920733365176738,15.990746412277222,0.5136508029699326,0.001,25.02568554203026,3.841248875018209,435
44,0.1238311542861763,0.030090980231761932,0.2129015682757586,0.08916990895723474,15.977124586105347,0.5135513931512833,0.001,25.127748124999925,3.5308315829606727,435
45,0.12382557268800407,0.030103374657959772,0.2127058574523049,0.0891571344657876,15.991604709625244,0.5138239592313767,0.001,25.991063292021863,3.796687624999322,435
46,0.12379787759534244,0.030085960938327615,0.2126334748048892,0.08914822905228056,15.988499088287353,0.513837737441063,0.001,23.478107333008666,3.969417957996484,435
47,0.12378447802587488,0.030094102025032043,0.21254125819809136,0.0891291965013263,15.988162355422974,0.5138441896438599,0.001,25.76718741696095,3.3391421670094132,435
48,0.12377946661121544,0.03009621864291786,0.21243858131869087,0.08912468804367657,15.988733434677124,0.5139100950956345,0.001,25.035104875045363,3.739339124993421,435
49,0.12377114011638465,0.03010746003824404,0.21241964828008894,0.08910587378616991,15.992135248184205,0.5138928997516632,0.001,25.063066583010368,3.5895833750255406,435
50,0.12376117517893341,0.0300895514758839,0.21253632197434874,0.08911045246768272,15.996091823577881,0.5138165587186814,0.001,26.27094820898492,3.816132624982856,435
51,0.12376971380121407,0.03009043758114179,0.2123742172087746,0.08912218053793085,15.993255004882812,0.5138952010869979,0.001,23.320204750052653,4.758997957978863,435
52,0.12381898808753354,0.030144397940101295,0.2118745939484958,0.0891313358456239,15.99447193145752,0.5140612649917603,0.001,27.153349375003017,3.9290785420453176,435
53,0.1237606412206573,0.03010839129658951,0.2122016048979485,0.08909992025843982,15.995482015609742,0.5138289839029312,0.001,23.397068540973123,3.4400862919865176,435
54,0.12376168318863573,0.030098919296401672,0.21237915754318237,0.08910575765987923,15.991811370849609,0.513821382522583,0.001,26.000129332998767,3.66656654200051,435
55,0.12375498477412367,0.030090734062866234,0.2121443378514257,0.0891129111592797,15.993695631027222,0.5139207774400711,0.001,25.609688750002533,3.7048432499868795,435
56,0.12374158203601837,0.03011913092314512,0.21248976937655745,0.08906318418595982,15.994909563064574,0.5138747990131378,0.001,26.787802750011906,3.323696499981452,435
57,0.12369812074406393,0.030083305769781958,0.21222286388791842,0.0890613233392266,15.994449014663696,0.5141528886556626,0.001,23.276840167003684,3.5612046659807675,435
58,0.123711791531793,0.030082511929688097,0.2118189924064724,0.08908586726449001,15.99124846458435,0.5140778774023056,0.001,25.79201416601427,3.7736431669909507,435
59,0.12370443455446725,0.030111636195717186,0.21203364928563437,0.08904474699634245,15.998475112915038,0.5140430206060409,0.001,24.989698374993168,4.1108760419883765,435
60,0.12371321467832587,0.030099040154239226,0.2120750012068913,0.08906477527029213,15.995174474716187,0.5140525907278061,0.001,26.57089441700373,3.3294077499886043,435
61,0.1236724276309726,0.030075651261655765,0.21210299620683165,0.08904609204023733,15.99595129966736,0.5139643055200577,0.001,24.306964624964166,3.8581557500292547,435
62,0.1236599709453254,0.030086823931798852,0.21211506032395636,0.08902244012931297,15.994959115982056,0.5140630781650544,0.001,25.648108749999665,3.350650125008542,435
63,0.12366098097000999,0.03008427296433298,0.2120057981589745,0.08902866830085886,15.997728500366211,0.5140467113256455,0.001,27.679285584017634,3.846028375031892,435
64,0.12365530063023512,0.03010141900901137,0.21185097886228013,0.08901014204682975,15.998737535476685,0.5140771269798279,0.001,24.521608583978377,3.552500542020425,435
65,0.12366322213890908,0.030098089241775972,0.21211995407082568,0.08901458567586439,15.995264339447022,0.5138082176446914,0.001,27.085314374999143,3.761348000029102,435
66,0.12364500932309819,0.03009120257164555,0.2119943218669672,0.08900622852232265,15.99321834564209,0.5140325874090195,0.001,24.06126912496984,4.016288624959998,435
67,0.1236391000706574,0.03009599130386594,0.21169751677019844,0.08900307033253813,16.000672121047973,0.5141336292028427,0.001,25.72158325003693,3.359141833963804,435
68,0.12359908634218676,0.03009167919470661,0.2118935509659778,0.08896235873301823,15.9948561668396,0.5140825432538986,0.001,23.285712792014237,3.8697421670076437,435
69,0.12359693321003311,0.03009873172589417,0.21221409172847353,0.08894531651474964,16.000948457717897,0.5139848572015763,0.001,26.464647249958944,3.327538541983813,435
70,0.12358536511317067,0.03008446812458422,0.21200367294508835,0.08895291807665222,15.99529499053955,0.5140065217018127,0.001,23.267092042020522,4.828734708018601,435
71,0.123584083613308,0.03010127260938458,0.21199107923726926,0.0889355652462477,15.994289569854736,0.5141015493869782,0.001,27.38495262496872,3.7381760830176063,435
72,0.12357878376697672,0.030087872311986726,0.2119544984280378,0.08894424371678254,15.998035411834717,0.5139223122596741,0.001,23.97235370904673,3.7804575840127654,435
73,0.12356214824764208,0.030098733449376178,0.2119883607173788,0.08891617412539735,15.991627721786498,0.5141471123695374,0.001,26.18556933302898,3.27540687500732,435
74,0.1235776077741864,0.03010465443434044,0.21173158048213214,0.08893227962584331,15.997201795578002,0.5140948522090912,0.001,24.446800417033955,3.6188670409610495,435
75,0.12365016469667697,0.030057753297104233,0.2114168117786276,0.08905843422673214,15.9977467918396,0.5141039085388184,0.001,27.048855417000595,3.364057833037805,435
76,0.12361025099439182,0.030106103968346256,0.2113446812520082,0.088973182371293,15.99950885772705,0.5141583633422852,0.001,26.4971279160236,3.906271082989406,435
77,0.12360141177972157,0.030093572177421087,0.2118696289500971,0.08896343658367793,15.999062156677246,0.5138371282815933,0.001,25.05282416701084,2.728529125044588,435
78,0.12352970028403161,0.0301046425198344,0.21184469297014433,0.08888155436036231,15.997673120498657,0.5140990895032883,0.001,19.33311387494905,2.4461365840397775,435
79,0.12350886554896147,0.030097001949432253,0.2119244241166389,0.08886617738967655,15.996303749084472,0.5139938801527023,0.001,17.852009291993454,2.5003030000370927,435
80,0.12351157610443816,0.03007757286915834,0.21177786520157738,0.08889149369179518,15.999001007080079,0.5140359854698181,0.001,17.731489082972985,2.4281887499964796,435
81,0.12348571513918624,0.030102551347394098,0.21203436522648253,0.08883487005000827,15.997854480743408,0.5141188865900039,0.0001,17.344837665965315,2.4631424589897506,435
82,0.12345181713844168,0.03008696250617504,0.21169775244833408,0.08882458508014679,15.999695587158204,0.514146893620491,0.0001,17.233267624978907,2.4953889590105973,435
83,0.12344617319518122,0.030085243070605158,0.21188140806110425,0.08881602393484664,15.999930210113526,0.514100552201271,0.0001,17.735043207998388,2.5282621670048684,435
84,0.1234428399595721,0.030083211310122204,0.2118733915789374,0.08881487277732499,15.99992914199829,0.5140822201967239,0.0001,18.665128124994226,2.5747185840155,435
85,0.12344303727149963,0.030083504751667208,0.211915276516443,0.08881373703479767,16.000461502075197,0.5140987503528595,0.0001,17.714069499983452,2.4590831660316326,435
86,0.12343724602940438,0.030082525332169287,0.21190728058760194,0.08880910088961151,15.999642868041992,0.5140686428546906,0.0001,18.563914583006408,2.556919958034996,435
87,0.12343778452653995,0.030088457953313302,0.21197904526502237,0.08880205940583656,15.998739376068116,0.5140773373842239,0.0001,19.673401708016172,2.4971589170163497,435
88,0.12343550850262587,0.03008718620557552,0.2119248941026885,0.08880237935260794,15.99883111000061,0.5140832942724228,0.0001,18.350283000036143,2.509349416999612,435
89,0.12343525406958043,0.030083638626611096,0.2119122174964554,0.08880590039423142,15.999504356384277,0.5140589028596878,0.0001,19.0873849579948,2.4648945829831064,435
90,0.12343613238170228,0.0300820496404308,0.21191265596740547,0.08880831566692769,15.999989337921143,0.5140868109464646,0.0001,17.67607562500052,2.5537277500261553,435
91,0.12343142284401531,0.03008657929369773,0.2119765959936997,0.08879759162664413,15.99866403579712,0.5140431022644043,0.0001,18.009577207965776,2.773772958025802,435
92,0.12343101751530307,0.03009082456172883,0.21202522447739525,0.08879183284167586,15.99814034461975,0.5140345060825348,0.0001,19.61249124997994,3.39272574998904,435
93,0.1234292545537839,0.030089410235998273,0.2119465566229546,0.08879341510520584,15.998645992279053,0.5140791410207748,0.0001,18.89731412497349,3.0408495829906315,435
94,0.12342836836288715,0.030085253047532047,0.21192512635526986,0.08879711658790193,15.999309711456299,0.5140601420402526,0.0001,18.865009500004817,2.419272249971982,435
95,0.12342665353040586,0.030086739780916565,0.21198239888267956,0.08879252069297879,15.999418210983276,0.514077730178833,0.0001,17.936739708005916,2.675617125001736,435
96,0.12342505439602096,0.0300837234733091,0.2119164658688951,0.0887955106880473,15.99938458442688,0.5140575742721558,0.0001,18.834370458032936,2.706628540996462,435
97,0.1234225469759141,0.03008484557784837,0.21194125317979132,0.08879128954876428,15.998761854171754,0.5140623259544372,0.0001,18.36406100000022,2.4580923749599606,435
98,0.12342234264160025,0.030086383052255916,0.2119439052439284,0.08878952067816394,15.998951139450073,0.5140640556812286,0.0001,17.894254999991972,2.610477250011172,435
99,0.12342578241194802,0.030087627770229317,0.21191008543146067,0.08879259091684188,15.999224586486816,0.5140994721651078,0.0001,17.72416012501344,2.526894957991317,435
100,0.12342250586926252,0.030089498208514576,0.2119677176420716,0.08878605059166064,15.998160724639893,0.5140472811460495,0.0001,17.846546875021886,2.553336124983616,435
101,0.12341931804843333,0.030085345708775794,0.21189474100354075,0.08878873716825726,15.998715057373047,0.5140740060806275,0.0001,17.633847749966662,2.489437208045274,435
102,0.12341652639295864,0.030087409134226285,0.21197157687154308,0.08878201297644911,15.998049516677856,0.5140455913543701,0.0001,17.38312675000634,2.422653041954618,435
103,0.12341470142890668,0.03008788201058733,0.21193814688715443,0.0887805633675093,15.998417854309082,0.5140609860420227,0.0001,17.356410334003158,2.4553818330168724,435
104,0.12341725552219084,0.030086531421576423,0.21192435149488778,0.08878477722748943,15.998569498062134,0.5140583723783493,0.0001,17.514828417042736,2.4368077919934876,435
105,0.12341458530261598,0.030084190440588986,0.21189617494056964,0.0887850941769008,15.998981294631959,0.5140770649909974,0.0001,17.257149957993533,2.4678972919937223,435
106,0.12341190189465709,0.030088167123753447,0.21197030051001187,0.08877667750435314,15.998480186462402,0.5140313178300857,0.0001,18.402754999988247,2.430818916996941,435
107,0.12341029445330302,0.030087875170183593,0.2119643016793262,0.08877550622169998,15.997783775329589,0.5140418148040772,0.0001,17.17207537498325,2.4755300000542775,435
108,0.12340911417856984,0.030086088368947477,0.21193703015645346,0.08877675141068711,15.998179111480713,0.51406012237072,0.0001,17.169342166977003,2.41560616705101,435
109,0.12340724982064345,0.030088559906373078,0.2119518703427808,0.08877210721544836,15.998161611557007,0.5140722125768662,0.0001,18.434889667027164,2.437789249990601,435
110,0.12340506945533314,0.030085228062395393,0.21190337888125715,0.08877438563725044,15.998536882400513,0.5140657418966293,0.0001,17.559292374993674,2.32584958296502,435
111,0.12340534469862094,0.030086220006576216,0.21192252772977982,0.08877321589609673,15.997912158966065,0.51405393242836,0.0001,17.59231749997707,2.455565167008899,435
112,0.12340413830403624,0.0300897147463656,0.21191287520288052,0.08876884437498005,15.997634935379029,0.5140749996900559,0.0001,20.508691666997038,2.371974791982211,435
113,0.12340090363875203,0.030086829155769157,0.21192275861213947,0.08876817553550348,15.998114423751831,0.5140519171953202,0.0001,18.430689417000394,2.4051345419720747,435
114,0.12339927384565616,0.030085436378916103,0.2119562166860734,0.08876706634102197,15.998259983062745,0.514053527712822,0.0001,17.32858270802535,2.546035916020628,435
115,0.12339729653007683,0.03008606042927024,0.211939026569498,0.0887649114104523,15.998006057739257,0.5140483760833741,0.0001,17.14045804197667,2.4440705829765648,435
116,0.12340152880241131,0.030084145051994544,0.211932517331222,0.08877117460829088,15.99819296836853,0.5140273594856262,0.0001,17.400043374975212,2.423139749967959,435
117,0.12339558101248467,0.03008631706751626,0.21195506707005118,0.0887625434960442,15.997852926254273,0.5140560305118561,0.0001,17.18807520798873,2.4498672910267487,435
118,0.1233957310517629,0.03009071851941361,0.21199113884191403,0.08875749936734123,15.997269811630249,0.5140323942899704,0.0001,18.024533457995858,2.667801583011169,435
119,0.12339347695139632,0.03008342493625208,0.2119373795629918,0.08876370304617388,15.998032217025758,0.5140461826324463,0.0001,17.871134208980948,2.4855645000352524,435
120,0.12339228554361167,0.030084780642184717,0.2119469745405789,0.08876094847232446,15.997779378890991,0.5140410399436951,0.0001,17.551954334019683,2.4812357500195503,435
121,0.12338780080792548,0.030086328650171728,0.21196276360544666,0.08875456186889231,15.997747554779053,0.5140455007553101,1e-05,17.63604758301517,2.5733443329809234,435
122,0.1233873041881912,0.030086125022378462,0.21195506090405344,0.0887544550772371,15.997746973037719,0.5140466511249542,1e-05,17.711455665994436,2.532960042008199,435
123,0.1233875506568229,0.030085771590813822,0.2119445328054757,0.08875530992431202,15.997802362442016,0.5140512180328369,1e-05,17.514073791971896,2.8343588749994524,435
124,0.1233874090101527,0.030085683982262666,0.21193648686354188,0.08875545242737079,15.9978302192688,0.5140540832281113,1e-05,17.78244475001702,2.4129323750385083,435
125,0.12338724732398987,0.03008518055423923,0.21194039747632784,0.08875568819114532,15.997848844528198,0.5140495812892913,1e-05,17.11462287500035,2.42111404100433,435
126,0.1233871935427874,0.030085491819371438,0.21194271041058946,0.0887552709586319,15.99779664993286,0.514050754904747,1e-05,17.05591212498257,2.4065343330148607,435
127,0.12338696240351119,0.030086296599829334,0.21194950534009385,0.08875408468917868,15.997727251052856,0.5140445923805237,1e-05,17.819070208992343,2.464069749985356,435
128,0.12338655296413378,0.0300862695593601,0.2119564496237656,0.0887535285504385,15.997713708877564,0.5140456569194793,1e-05,17.93292862502858,2.457112582982518,435
129,0.12338629930183806,0.030085909191048008,0.21195414765127774,0.08875368021685502,15.997768230438233,0.5140463942289353,1e-05,17.041168084018864,2.3783873330103233,435
130,0.12338651648198051,0.030086054498779363,0.21195306654634147,0.08875378503881652,15.997746114730836,0.5140471798181534,1e-05,16.922267749963794,2.365331500011962,435
131,0.1233859456989957,0.030085929059262932,0.21194915319311208,0.08875343383386217,15.997712306976318,0.5140476882457733,1e-05,17.79105904197786,2.5043391249491833,435
132,0.12338606370934124,0.030085812429843962,0.21194935461570477,0.08875366189013953,15.99775200843811,0.5140464526414871,1e-05,17.695785084040835,2.382865583989769,435
133,0.12338575549509334,0.030085855688171827,0.21194198487818927,0.0887534957507561,15.99776629447937,0.5140528482198715,1e-05,17.136263666965533,2.6145757909980603,435
134,0.1233856803041765,0.03008558046629374,0.21193189662078332,0.08875394252867534,15.997744455337525,0.5140536868572235,1e-05,18.408226375002414,2.669662958011031,435
135,0.12338544548242941,0.030085814024867683,0.211934223942373,0.08875341833322897,15.997723979949951,0.5140531474351883,1e-05,17.354074083035812,2.461178000026848,435
136,0.12338532010714214,0.03008584740261237,0.2119433064570372,0.08875303604136939,15.997762098312378,0.5140490746498108,1e-05,17.246407333994284,2.539939791953657,435
137,0.12338510618127625,0.030085938543766396,0.21194801385375275,0.08875261289977479,15.99773069381714,0.5140486073493957,1e-05,17.327954709006008,2.374178000027314,435
138,0.12338506267673668,0.03008621087533304,0.21195208135692553,0.08875220311784196,15.997709188461304,0.514046282172203,1e-05,17.2851918329834,2.628009915992152,435
139,0.12338492103006649,0.03008597275648994,0.2119428720967523,0.08875252469175163,15.997708921432496,0.5140521359443665,1e-05,18.310873374983203,2.490099541959353,435
140,0.12338493027906308,0.030085970315782504,0.21193713018263893,0.08875267935552816,15.997732410430908,0.514052774310112,1e-05,17.356640540994704,2.5167543750139885,435
141,0.12338426409439109,0.030086016946140378,0.21194092775213308,0.08875187486410141,15.997680492401123,0.5140506082773209,1e-05,16.52987716702046,2.265391249966342,435
142,0.12338455706492238,0.030086477169360238,0.2119523691034865,0.08875143159737532,15.99763253211975,0.5140447288751602,1e-05,16.50515720801195,2.3654014579951763,435
143,0.12338419447,0.030086523093197537,0.21195617215386753,0.08875092898292103,15.997671785354614,0.5140446037054062,1e-05,16.824551332974806,2.462893624964636,435
144,0.12338517315086277,0.030086264356799508,0.21194788025713515,0.08875236951414196,15.997816495895385,0.5140523409843445,1e-05,16.572236334031913,2.4091772920219228,435
145,0.12338409658478594,0.030085504665200054,0.21194151557725052,0.08875219224170706,15.997687826156616,0.5140487819910049,1e-05,16.795862541999668,2.3017630420508794,435
146,0.12338372945100412,0.030085760158026355,0.21193645329310976,0.08875170238744254,15.997723293304443,0.5140545934438705,1e-05,16.635481416014954,2.378320832969621,435
147,0.12338338809451838,0.030085575210208864,0.21193544069925943,0.08875156553654835,15.997723274230957,0.514050772190094,1e-05,18.15453241596697,3.1768345829914324,435
148,0.12338342115111735,0.030085523816189546,0.21194506650683523,0.08875140856052267,15.99777928352356,0.5140480297803879,1e-05,22.192736291966867,3.1198233750183135,435
149,0.12338318718575883,0.030085926019083494,0.2119470046854567,0.08875073346940951,15.997662162780761,0.5140479630231858,1e-05,22.30653791700024,3.181890416017268,435
150,0.12338298730466557,0.030086126135683608,0.21194506171105923,0.08875038937248032,15.99771559715271,0.5140512681007385,1e-05,22.378995625011157,3.1862903750152327,435
151,0.12338325526865049,0.030086332953524315,0.21194815704192238,0.08875037584154086,15.997646675109863,0.5140451818704606,1e-05,22.251031249994412,3.134782749984879,435
152,0.12338245976930377,0.030086264784993797,0.21195642221933123,0.08874944032266222,15.997672691345215,0.5140469682216644,1e-05,22.37304499995662,3.1979029169888236,435
153,0.12338260047394654,0.030086256114059483,0.21194757949346785,0.08874980985433206,15.997630710601806,0.514048941731453,1e-05,22.26906824996695,3.1136678750044666,435
154,0.12338219720056687,0.030086073617654287,0.21193782214460702,0.08874982972254698,15.997653741836547,0.5140518039464951,1e-05,22.206173249986023,3.165062082989607,435
155,0.12338208664080193,0.030085829204355163,0.2119391060423577,0.08874992580934503,15.997725820541381,0.5140487682819367,1e-05,22.29826283303555,3.122192792012356,435
156,0.12338183563331077,0.03008585915654555,0.21194761785967597,0.08874943244388733,15.997678918838501,0.514047309756279,1e-05,22.191996000008658,3.1666967080091126,435
157,0.12338201067913537,0.03008591229545659,0.21194274261079984,0.08874967762793617,15.997693939208984,0.5140499764680863,1e-05,22.121510500030126,3.1212662500329316,435
158,0.12338149067999303,0.030085843313356925,0.21194199858040647,0.08874924112667983,15.997690582275391,0.5140495073795318,1e-05,22.16611566703068,3.1159224169678055,435
159,0.12338159995517511,0.0300855602769331,0.21193578051424575,0.08874978287809196,15.997722740173339,0.5140532302856445,1e-05,22.316953208006453,3.1002910830429755,435
160,0.12338130227450667,0.03008572154560651,0.21193521529778667,0.08874934269436474,15.997650985717774,0.5140492022037506,1e-05,22.14593541697832,3.0954170000040904,435
161,0.12338086928444347,0.03008591597792746,0.21194396895923834,0.08874849880906358,15.997650165557861,0.5140489780902863,1.0000000000000002e-06,22.16885470796842,3.134090917010326,435
162,0.12338083228845706,0.030085935471472383,0.2119444122259644,0.08874843449428163,15.997649278640747,0.5140489614009858,1.0000000000000002e-06,23.16566145804245,3.157541874970775,435
163,0.12338080180102382,0.030085926811242926,0.21194458281856843,0.08874840786059697,15.997647047042847,0.5140488141775131,1.0000000000000002e-06,22.95886116696056,3.1115167920361273,435
164,0.12338077867853231,0.030085871788277024,0.2119442162842586,0.08874844879597082,15.997651510238647,0.5140490871667862,1.0000000000000002e-06,22.96897316694958,3.0587200419977307,435
165,0.12338074596448877,0.030085852059225242,0.21194447731149607,0.0887484261016736,15.997652959823608,0.5140487837791443,1.0000000000000002e-06,22.20468454103684,3.0608949580346234,435
166,0.12338071453502808,0.030085854510637534,0.21194458076323586,0.08874839056154778,15.99765417098999,0.5140490478277207,1.0000000000000002e-06,22.12561420898419,3.087627374974545,435
167,0.12338072181433096,0.03008587529947018,0.2119448321989213,0.08874837086461056,15.997653369903565,0.5140489113330841,1.0000000000000002e-06,22.079271249996964,3.0253757500322536,435
168,0.12338069817800632,0.03008586789170901,0.21194384221372933,0.0887483798566906,15.997652540206909,0.5140493535995483,1.0000000000000002e-06,22.208545624976978,3.081194249971304,435
169,0.12338065124791243,0.030085846888779223,0.21194382508595785,0.08874835553525508,15.997652225494384,0.5140491062402726,1.0000000000000002e-06,22.153997707995586,3.0990118330228142,435
170,0.12338065861285417,0.03008589343349824,0.21194467188298016,0.08874829575933259,15.997644109725952,0.5140489876270294,1.0000000000000002e-06,22.203205792000517,3.0610775829991326,435
171,0.12338062367220035,0.030085915592552602,0.21194445538794857,0.08874824326271298,15.997644634246827,0.5140491110086441,1.0000000000000002e-06,22.127405415987596,3.0666079170187004,435
172,0.1233806265839215,0.030085919981544047,0.21194497538709092,0.08874822947485693,15.997637758255005,0.5140485900640488,1.0000000000000002e-06,22.115989417012315,3.0695941249723546,435
173,0.12338058796079679,0.03008591658810432,0.21194555636109977,0.08874817937612534,15.997640142440796,0.5140488356351852,1.0000000000000002e-06,22.02133741695434,3.0889480000478216,435
174,0.12338066597779591,0.030085898614649116,0.21194431768066582,0.08874830552216234,15.997653913497924,0.514049534201622,1.0000000000000002e-06,22.465745082998183,3.232277457951568,435
175,0.12338055721644697,0.030085861618662703,0.21194428342512284,0.0887482331573278,15.99764404296875,0.5140487641096115,1.0000000000000002e-06,22.71351016603876,3.174858457990922,435
176,0.12338052707156916,0.030085919746037186,0.21194571530681916,0.08874811206398339,15.997644157409669,0.51404860496521,1.0000000000000002e-06,23.11361995799234,3.181859540985897,435
177,0.12338052587262516,0.030085889472701084,0.21194519462256595,0.08874815214296868,15.997645225524902,0.514048844575882,1.0000000000000002e-06,22.453999874996953,3.0654411249561235,435
178,0.12338053066840117,0.03008591283069945,0.21194491715266786,0.08874814092427835,15.997642831802368,0.5140487509965896,1.0000000000000002e-06,22.11605445900932,3.0840355409891345,435
179,0.12338046635361924,0.03008593325556695,0.21194531177652293,0.08874804997581175,15.997644853591918,0.5140488296747208,1.0000000000000002e-06,22.04921679099789,3.0663137499941513,435
180,0.12338045530620663,0.030085915967222602,0.2119454220793713,0.08874805203114433,15.997642230987548,0.514048770070076,1.0000000000000002e-06,22.12653433397645,3.0722324589733034,435
181,0.12338046387009237,0.03008588117643677,0.21194504937906375,0.08874810324318108,15.997644491195679,0.5140490168333054,1.0000000000000002e-06,22.136894916999154,3.0627913339994848,435
182,0.1233804181389425,0.030085896109712535,0.21194515077547096,0.08874804046989858,15.997634582519531,0.5140488576889038,1.0000000000000002e-06,22.102560459054075,3.0772680420195684,435
183,0.1233804112878339,0.03008593875786354,0.2119447712240548,0.08874799970580244,15.997630882263184,0.5140491455793381,1.0000000000000002e-06,22.166951790975872,3.094071207975503,435
184,0.12338038080040066,0.030085925826396066,0.21194503019595967,0.08874797606947778,15.99763671875,0.5140488666296005,1.0000000000000002e-06,22.08757524995599,3.0634000839781947,435
185,0.1233803650428509,0.03008590535870914,0.21194473833873353,0.0887479866886961,15.997642765045166,0.5140490245819092,1.0000000000000002e-06,22.09862470801454,3.1591980830417015,435
186,0.12338033387030678,0.030085892919665097,0.21194425944624276,0.08874798137908695,15.997636413574218,0.5140492022037506,1.0000000000000002e-06,22.149656791996676,3.0653422090108506,435
187,0.12338032975964162,0.0300859316926578,0.21194510213259993,0.08874791637919414,15.997634000778199,0.5140488290786743,1.0000000000000002e-06,22.070751791994553,3.0613150839926675,435
188,0.1233803225659776,0.03008592471309092,0.2119450754132764,0.08874791903399873,15.997636594772338,0.5140490394830703,1.0000000000000002e-06,22.246985832985956,3.0711740840342827,435
189,0.1233802960179318,0.030085883991814208,0.21194447662638521,0.08874794472565596,15.9976375579834,0.5140491378307342,1.0000000000000002e-06,22.053828082978725,3.0848194590071216,435
190,0.12338028908118434,0.03008591928572833,0.21194428342512284,0.08874790884297469,15.99763677597046,0.5140491771697998,1.0000000000000002e-06,22.02899575000629,3.062167917029001,435
191,0.12338027974654889,0.030085985859235127,0.21194532616385098,0.08874780873115036,15.997630100250245,0.5140487420558929,1.0000000000000002e-06,22.208405249984935,3.07749929104466,435
192,0.12338025902194538,0.030085944238750415,0.21194535014273105,0.08874782799989328,15.997628526687622,0.5140489190816879,1.0000000000000002e-06,22.069307500030845,3.109147541981656,435
193,0.1233802016439109,0.03008592190841834,0.21194485549269051,0.08874780650454006,15.997632541656493,0.5140490609407425,1.0000000000000002e-06,22.24389304104261,3.089384749997407,435
194,0.12338020763863092,0.03008595385171216,0.21194570365993456,0.08874776120158448,15.997625665664673,0.5140487056970596,1.0000000000000002e-06,22.06273887498537,3.0918419579975307,435
195,0.12338018246080684,0.030085959825022466,0.2119451822905705,0.08874774047698097,15.997625494003296,0.5140491330623627,1.0000000000000002e-06,22.20348762499634,3.089028083020821,435
196,0.12338015539892788,0.030085952460080726,0.2119453508278419,0.08874771795396147,15.997630014419556,0.5140489619970322,1.0000000000000002e-06,21.99036212504143,3.0688198340358213,435
197,0.12338014375204327,0.03008597412671166,0.21194563240840517,0.08874767753242076,15.99762442588806,0.5140485852956772,1.0000000000000002e-06,22.084922292036936,3.081386708014179,435
198,0.12338008346228764,0.030085977937640816,0.21194602360670595,0.08874760499630852,15.997624158859253,0.514048844575882,1.0000000000000002e-06,22.17473654198693,3.083075332979206,435
199,0.12338008157823277,0.03008594398183384,0.21194447320083093,0.08874767410686646,15.997624683380128,0.514049311876297,1.0000000000000002e-06,22.14874791703187,3.0785015000146814,435
200,0.12338009288256195,0.03008597913658482,0.2119450363619574,0.08874763496990862,15.997623929977417,0.5140485739707947,1.0000000000000002e-06,22.193539416999556,3.157395417045336,435
201,0.12338002762575259,0.030085951989067012,0.21194586945676255,0.08874757630729127,15.99762409210205,0.514048644900322,1.0000000000000002e-07,23.1672514170059,3.1860045419889502,435
202,0.12338002488530915,0.030085948991707002,0.21194586123543224,0.08874757853390157,15.997624320983887,0.5140486228466034,1.0000000000000002e-07,22.24305504199583,3.065694333985448,435
203,0.12338003010927946,0.03008595958951561,0.2119459379678485,0.0887475685997941,15.997623453140259,0.5140485709905624,1.0000000000000002e-07,22.011118250025902,3.077128625009209,435
204,0.12338002008953314,0.030085955928454453,0.211946003738491,0.08874756140613008,15.997623786926269,0.5140485709905624,1.0000000000000002e-07,22.14738104195567,3.093034040997736,435
205,0.12338002385764286,0.03008595359479559,0.21194593591251593,0.08874756817159982,15.997624235153198,0.5140485936403274,1.0000000000000002e-07,22.10807424999075,3.074971291993279,435
206,0.12338001632142341,0.030085956099732167,0.21194588589942318,0.08874756226251865,15.997623825073243,0.5140486365556717,1.0000000000000002e-07,22.151802083011717,3.0651480829692446,435
207,0.12338001837675598,0.03008595442977445,0.21194585095876936,0.0887475680003221,15.997623643875123,0.5140486073493957,1.0000000000000002e-07,22.127392000053078,3.0958304170053452,435
208,0.1233800149512017,0.030085955168409593,0.2119458297203327,0.08874756260507408,15.997623052597046,0.5140486097335816,1.0000000000000002e-07,22.06458066700725,3.078601000015624,435
209,0.12338001400917425,0.030085956228190457,0.21194591330385756,0.08874756003590836,15.997623224258422,0.5140486323833465,1.0000000000000002e-07,22.015839457977563,3.0626127920113504,435
210,0.12338001161128626,0.03008595248149044,0.211945750247473,0.08874756303326838,15.997623395919799,0.5140486150979996,1.0000000000000002e-07,22.03444170905277,3.046551541017834,435
211,0.1233800104979811,0.0300859528668653,0.21194572352814947,0.08874756226251865,15.997623395919799,0.5140486669540405,1.0000000000000002e-07,22.02748404198792,3.1049944579717703,435
212,0.12338001066925881,0.03008594888465843,0.21194575572835989,0.0887475651742398,15.997623901367188,0.5140486288070679,1.0000000000000002e-07,22.172890792018734,3.070707374950871,435
213,0.12338001118309197,0.030085952417261298,0.21194580300100918,0.08874756106357465,15.99762357711792,0.514048638343811,1.0000000000000002e-07,22.216844582988415,3.0340123749920167,435
214,0.12338001024106453,0.03008595738431503,0.21194586055032139,0.08874755421246605,15.997622117996215,0.5140485686063766,1.0000000000000002e-07,21.925577750022057,3.0882781249820255,435
215,0.1233800058734828,0.0300859610667859,0.21194600031293673,0.08874754213738716,15.997622499465942,0.5140485692024231,1.0000000000000002e-07,22.133836417051498,3.0901574999443255,435
216,0.12338000638731594,0.030085958583259034,0.21194592015496616,0.08874754778955174,15.997622346878051,0.5140486115217209,1.0000000000000002e-07,22.054604874982033,3.1043603330035694,435
217,0.12338000381815023,0.03008595866889789,0.21194583588633045,0.08874754796082947,15.997623100280762,0.5140486317873001,1.0000000000000002e-07,21.900096500001382,3.075363042007666,435
218,0.12338000561656623,0.03008595483655902,0.2119459249507422,0.08874754933105118,15.997623462677002,0.5140486013889313,1.0000000000000002e-07,21.900993333023507,3.0821573329740204,435
219,0.12338000381815023,0.030085954943607593,0.2119459585211743,0.08874754402144201,15.99762331008911,0.5140486115217209,1.0000000000000002e-07,19.86832587502431,2.214021124993451,435
220,0.12337999833726335,0.030085952674177872,0.21194576463480105,0.08874754924541232,15.997622871398926,0.5140486431121826,1.0000000000000002e-07,15.848130583006423,2.254437209048774,435
221,0.1233799966244862,0.030085953616205304,0.211945750247473,0.0887475483033849,15.997622814178467,0.5140486276149749,1.0000000000000002e-07,15.830961624975316,2.23334045894444,435
222,0.12337999585373648,0.030085956420877885,0.21194588521431232,0.08874754042461,15.99762309074402,0.5140486180782318,1.0000000000000002e-07,15.910439916013274,2.2187902909936383,435
223,0.12337999422659819,0.030085954815149307,0.21194585438432365,0.08874754170919287,15.997622594833373,0.5140486389398575,1.0000000000000002e-07,15.856750082981307,2.242354666988831,435
224,0.12337999799470792,0.030085956881186742,0.21194579683501144,0.08874754290813687,15.99762342453003,0.514048638343811,1.0000000000000002e-07,15.759482665976975,2.2221429999917746,435
225,0.12337999362712619,0.0300859527169973,0.211945794094568,0.08874754247994258,15.997623281478882,0.5140486109256744,1.0000000000000002e-07,15.862591708020773,2.2946179170394316,435
226,0.1233799879749616,0.030085955350392168,0.2119457365452558,0.08874753896874943,15.99762336730957,0.5140486663579941,1.0000000000000002e-07,16.16521762497723,2.238837166049052,435
227,0.12337999713831935,0.030085957255856745,0.21194578655834856,0.0887475438501643,15.997622842788696,0.5140486311912537,1.0000000000000002e-07,16.206625000049826,2.4020697079831734,435
228,0.12337999114359932,0.030085955243343593,0.21194574271125355,0.08874753819799971,15.997623109817505,0.5140486401319504,1.0000000000000002e-07,16.202338707982562,2.2550214580260217,435
229,0.12337999405532048,0.030085960981147044,0.21194588178875803,0.08874753425861227,15.997623243331908,0.514048581123352,1.0000000000000002e-07,16.020855583017692,2.5186569999787025,435
230,0.12337998446376844,0.030085953873121875,0.21194590097186208,0.08874753040486369,15.997623281478882,0.5140486347675324,1.0000000000000002e-07,16.52403166698059,2.33888624998508,435
231,0.12337998651910102,0.030085953230830444,0.21194592974651819,0.08874753203200197,15.997623224258422,0.5140485918521881,1.0000000000000002e-07,16.39417191699613,2.2128436249913648,435
232,0.12337997769829871,0.030085949826685863,0.21194589206542092,0.08874753023358598,15.997624197006225,0.5140486323833465,1.0000000000000002e-07,15.74786237499211,2.2546664170222357,435
233,0.12337998532015702,0.03008595180708444,0.21194598455538696,0.08874753108997455,15.99762315750122,0.5140485954284668,1.0000000000000002e-07,15.683189375034999,2.200166333001107,435
234,0.12337998069565871,0.030085945630381847,0.21194577628168568,0.08874753828363857,15.997623567581178,0.514048639535904,1.0000000000000002e-07,15.73892666597385,2.228794457972981,435
235,0.12337997761265986,0.030085944838222415,0.2119457824476834,0.08874753622830599,15.997623386383056,0.5140486580133438,1.0000000000000002e-07,15.74838008300867,2.1854362500016578,435
236,0.12337997804085414,0.030085949398491574,0.21194576874546622,0.08874753203200197,15.9976229763031,0.5140486717224121,1.0000000000000002e-07,15.688496874994598,2.2540631250012666,435
237,0.12337997572860498,0.03008594770712414,0.2119456522766201,0.08874753271711283,15.997623071670532,0.514048684835434,1.0000000000000002e-07,15.604351625021081,2.175041292037349,435
238,0.12337997641371584,0.030085949591179002,0.21194574819214043,0.08874753126125226,15.997622213363648,0.5140486454963684,1.0000000000000002e-07,15.57796479103854,2.187612333043944,435
239,0.12337997341635583,0.030085956956120742,0.21194588315897975,0.0887475189292568,15.997622089385986,0.5140485936403274,1.0000000000000002e-07,15.948973625025246,2.275033625017386,435
240,0.12337997658499356,0.030085953915941304,0.21194575093258386,0.08874752620855968,15.997622623443604,0.5140486764907837,1.0000000000000002e-07,15.995996208046563,2.325884042016696,435
241,0.1233799644242758,0.03008594736456871,0.2119456659788373,0.08874752355375509,15.997622718811035,0.5140486752986908,1.0000000000000004e-08,15.868594166997354,2.2183526249718852,435
242,0.12337996510938666,0.030085948734790428,0.2119456947534934,0.08874752329683852,15.997622680664062,0.5140486764907837,1.0000000000000004e-08,15.945496666943654,2.2369044169900008,435
243,0.12337997041899583,0.030085948991707002,0.2119456892726065,0.08874752680803168,15.997622718811035,0.514048672914505,1.0000000000000004e-08,16.02391870802967,2.2690818330156617,435
244,0.1233799662226918,0.030085947835582428,0.21194571530681916,0.08874752201225566,15.99762279510498,0.5140486705303192,1.0000000000000004e-08,16.303512707992923,2.3598200420383364,435
245,0.12337997041899583,0.030085948370825285,0.2119457433963644,0.08874752415322709,15.997622680664062,0.5140486741065979,1.0000000000000004e-08,15.705718207987957,2.2103543339762837,435
246,0.12337996990516267,0.03008594762148528,0.21194572284303861,0.08874752689367053,15.99762269973755,0.5140486788749695,1.0000000000000004e-08,15.689730959013104,2.166867124964483,435
247,0.12337996956260724,0.030085948916773003,0.21194575367302732,0.08874752518089338,15.99762285232544,0.5140486741065979,1.0000000000000004e-08,15.477054791990668,2.147927667014301,435
248,0.1233799684493021,0.03008594740738814,0.21194570845571056,0.08874752637983739,15.99762269973755,0.5140486818552017,1.0000000000000004e-08,15.153554833959788,2.1524460000218824,435
249,0.12337996990516267,0.030085949173689574,0.21194571530681916,0.08874752560908768,15.997622747421264,0.5140486758947372,1.0000000000000004e-08,15.520794374984689,2.1950981249683537,435
250,0.12337996973388496,0.03008595054391129,0.211945750247473,0.08874752441014366,15.997622756958007,0.5140486800670624,1.0000000000000004e-08,15.646518333989661,2.1907786250230856,435
251,0.12337996922005182,0.030085948477873856,0.2119457721710205,0.08874752363939395,15.997622814178467,0.5140486723184585,1.0000000000000004e-08,15.695422167016659,2.2198915419867262,435
252,0.12337996802110782,0.030085948906068145,0.21194569680882597,0.0887475225260888,15.99762285232544,0.5140486806631088,1.0000000000000004e-08,15.706225750036538,2.2138338329968974,435
253,0.12337996853494096,0.030085948670561285,0.21194572284303861,0.08874752458142138,15.997622776031495,0.5140486788749695,1.0000000000000004e-08,15.6975771249854,2.2275855829939246,435
254,0.1233799718748564,0.03008594933426243,0.21194572215792776,0.08874752629419853,15.997622728347778,0.5140486836433411,1.0000000000000004e-08,15.740763499983586,2.182011083001271,435
255,0.12337997110410669,0.030085948520693285,0.21194573928569926,0.08874752543780995,15.997622623443604,0.5140486758947372,1.0000000000000004e-08,15.825822499988135,2.1849172500078566,435
256,0.12337996596577523,0.030085948841839003,0.211945701604602,0.0887475231255608,15.997622718811035,0.514048679471016,1.0000000000000004e-08,15.849205832986627,2.2191250000032596,435
257,0.12337997076155126,0.03008594995514415,0.2119456659788373,0.0887475255234488,15.997622680664062,0.5140486752986908,1.0000000000000004e-08,15.771267624979373,2.191825332993176,435
258,0.12337996254022095,0.030085949120165288,0.2119456742001676,0.08874752047075622,15.997622728347778,0.5140486747026444,1.0000000000000004e-08,15.750335875025485,2.1705109589966014,435
259,0.1233799656232198,0.030085948392235,0.21194572695370378,0.0887475225260888,15.997622776031495,0.5140486836433411,1.0000000000000004e-08,16.054898499976844,2.253799959027674,435
260,0.12337996579449752,0.03008594918439443,0.21194568173638706,0.08874752166970022,15.997622661590576,0.5140486747026444,1.0000000000000004e-08,15.998521417030133,2.2407468340243213,435
261,0.12337996613705295,0.03008594948413043,0.21194570845571056,0.08874752089895051,15.99762258529663,0.5140486735105515,1.0000000000000004e-08,15.895996708015446,2.2076757079921663,435
262,0.12337996956260724,0.030085949548359574,0.21194575983902503,0.08874752389631052,15.997622604370116,0.5140486770868301,1.0000000000000004e-08,16.09559491701657,2.4596466660150327,435
263,0.12337996682216382,0.030085949462720717,0.21194565844261784,0.08874752329683852,15.997622623443604,0.5140486741065979,1.0000000000000004e-08,17.078827708028257,2.249382500012871,435
264,0.1233799666508861,0.03008595010501215,0.21194564337017893,0.08874752286864424,15.99762269973755,0.5140486770868301,1.0000000000000004e-08,16.13580616703257,2.2078769999789074,435
265,0.12337996733599696,0.03008594903452643,0.21194567694061103,0.08874752423886595,15.997622718811035,0.5140486735105515,1.0000000000000004e-08,15.747763208986726,2.2413010000018403,435
266,0.12337996656524725,0.030085950308404434,0.2119456776257219,0.08874752201225566,15.997622566223145,0.5140486711263657,1.0000000000000004e-08,16.169186750019435,2.2342398749897256,435
267,0.12337996853494096,0.030085949419901288,0.21194573037925807,0.08874752355375509,15.99762264251709,0.5140486764907837,1.0000000000000004e-08,16.490587541949935,2.2272384169627912,435
268,0.12337996391044266,0.030085949398491574,0.21194567145972415,0.08874752278300538,15.997622604370116,0.5140486770868301,1.0000000000000004e-08,16.066336416988634,2.2337174999993294,435
269,0.12337996819238553,0.03008594991232472,0.2119456659788373,0.08874752441014366,15.997622470855713,0.5140486693382263,1.0000000000000004e-08,16.656013208033983,2.2468471250031143,435
270,0.12337996588013637,0.030085949248623574,0.21194571599193002,0.08874752355375509,15.99762269973755,0.514048679471016,1.0000000000000004e-08,15.886900208017323,2.2124981670058332,435
271,0.12337996870621867,0.03008594907734586,0.21194565844261784,0.08874752441014366,15.997622604370116,0.5140486788749695,1.0000000000000004e-08,15.988290416018572,2.2669796670088544,435
272,0.12337996913441296,0.030085949698227577,0.2119457351750341,0.0887475225260888,15.997622680664062,0.5140486741065979,1.0000000000000004e-08,15.940446791995782,2.222991082991939,435
273,0.12337996802110782,0.030085948863248717,0.21194570708548885,0.08874752475269909,15.997622680664062,0.5140486800670624,1.0000000000000004e-08,15.92201516701607,2.2560950409970246,435
274,0.12337996690780267,0.030085948113908714,0.21194574134103183,0.08874752338247738,15.997622737884521,0.5140486770868301,1.0000000000000004e-08,15.857432792021427,2.2622127499780618,435
275,0.12337996819238553,0.03008594877760986,0.21194573106436893,0.0887475255234488,15.997622680664062,0.5140486782789231,1.0000000000000004e-08,16.059553833969403,2.236555249954108,435
276,0.12337996493810895,0.030085948606332142,0.21194571393659745,0.08874752235481109,15.997622680664062,0.5140486842393875,1.0000000000000004e-08,16.527394499978982,2.21959033299936,435
277,0.12337996819238553,0.030085948820429288,0.21194571599193002,0.08874752509525452,15.997622690200807,0.5140486836433411,1.0000000000000004e-08,15.804294583038427,2.2310040000011213,435
278,0.12337996827802439,0.03008594918439443,0.211945706400378,0.08874752475269909,15.997622604370116,0.5140486747026444,1.0000000000000004e-08,16.281294582993723,2.213360082998406,435
279,0.12337996870621867,0.030085948820429288,0.21194573860058838,0.08874752355375509,15.997622623443604,0.5140486782789231,1.0000000000000004e-08,15.863858208002057,2.2100481250090525,435
280,0.1233799644242758,0.030085949291443002,0.21194563788929205,0.08874752278300538,15.997622737884521,0.5140486854314804,1.0000000000000004e-08,15.978638667031191,2.267921832972206,435
281,0.12337996716471925,0.03008594903452643,0.21194564953617667,0.08874752449578252,15.997622776031495,0.5140486806631088,1.0000000000000005e-09,16.619324999977835,2.207715458003804,435
282,0.1233799678498301,0.03008594907734586,0.2119456858470522,0.08874752363939395,15.997622776031495,0.5140486824512481,1.0000000000000005e-09,16.45521058299346,2.2539999579894356,435
283,0.1233799632253318,0.030085948178137856,0.21194567557038932,0.08874752466706023,15.997622756958007,0.5140486800670624,1.0000000000000005e-09,17.501395167026203,2.371093333000317,435
284,0.12337996853494096,0.03008594967681786,0.21194567488527846,0.08874752466706023,15.997622737884521,0.5140486818552017,1.0000000000000005e-09,16.482673207996413,2.3050197919947095,435
285,0.12337996939132953,0.030085950297699577,0.21194569749393682,0.08874752458142138,15.997622756958007,0.5140486818552017,1.0000000000000005e-09,16.158304542012047,2.3015953340218402,435
286,0.12337996767855239,0.030085948820429288,0.21194565433195267,0.0887475249239768,15.997622756958007,0.5140486800670624,1.0000000000000005e-09,18.273601458990015,2.2212398749543354,435
287,0.12337996956260724,0.030085950147831577,0.21194573106436893,0.08874752449578252,15.99762279510498,0.5140486770868301,1.0000000000000005e-09,15.956855666998308,2.3118985000182875,435
288,0.12337996339660952,0.030085948948887574,0.21194570228971285,0.08874752089895051,15.997622756958007,0.5140486788749695,1.0000000000000005e-09,17.12872416601749,2.4187571249785833,435
289,0.12337996331097066,0.030085949741047006,0.2119456707746133,0.08874752004256194,15.997622756958007,0.5140486782789231,1.0000000000000005e-09,16.80771433399059,2.435736540996004,435
290,0.1233799690487741,0.03008595040474815,0.21194571256637573,0.0887475255234488,15.99762279510498,0.5140486747026444,1.0000000000000005e-09,17.96028170804493,2.5063460420351475,435
291,0.12337996459555352,0.030085949890915006,0.21194569338327165,0.08874752107022822,15.99762279510498,0.5140486752986908,1.0000000000000005e-09,17.532827124989126,2.536670875037089,435
292,0.12337996647960839,0.03008594892747786,0.21194569680882597,0.08874752406758823,15.997622756958007,0.5140486764907837,1.0000000000000005e-09,16.89954187499825,2.535892082960345,435
293,0.12337997093282897,0.030085948734790428,0.2119456947534934,0.08874752586600425,15.997622756958007,0.5140486752986908,1.0000000000000005e-09,16.947785208001733,2.355203374987468,435
294,0.12337996699344153,0.03008594918439443,0.21194566803416987,0.08874752458142138,15.997622756958007,0.5140486800670624,1.0000000000000005e-09,16.868929916003253,2.3201182080083527,435
295,0.12337996802110782,0.030085949120165288,0.21194571804726262,0.08874752321119966,15.99762279510498,0.5140486806631088,1.0000000000000005e-09,16.365258875011932,2.2679208330227993,435
296,0.1233799690487741,0.030085949933734434,0.2119456789959436,0.08874752526653223,15.997622737884521,0.5140486806631088,1.0000000000000005e-09,16.82975945796352,2.279746707994491,435
297,0.12337996836366324,0.030085948606332142,0.21194564268506808,0.08874752697930939,15.99762279510498,0.5140486818552017,1.0000000000000005e-09,16.29100800002925,2.2676607919856906,435
298,0.12337996613705295,0.030085949291443002,0.2119457351750341,0.08874752329683852,15.997622756958007,0.5140486764907837,1.0000000000000005e-09,16.431981041969266,2.285161915991921,435
299,0.12337996699344153,0.030085949355672145,0.21194568379171963,0.08874752466706023,15.997622756958007,0.5140486782789231,1.0000000000000005e-09,16.235852917016018,2.2411029170034453,435
300,0.12337996776419125,0.030085948563512713,0.21194568995771737,0.08874752406758823,15.997622737884521,0.5140486770868301,1.0000000000000005e-09,16.1441602500272,2.2262807079823688,435
301,0.12337996579449752,0.030085948948887574,0.21194566186817212,0.08874752389631052,15.997622756958007,0.5140486788749695,1.0000000000000005e-09,16.205730582994875,2.257353332999628,435
302,0.12337996887749639,0.030085949291443002,0.21194571804726262,0.08874752398194938,15.99762279510498,0.5140486782789231,1.0000000000000005e-09,16.123739667003974,2.240223540982697,435
303,0.12337996819238553,0.030085950490387006,0.21194568036616535,0.08874752441014366,15.997622680664062,0.5140486800670624,1.0000000000000005e-09,16.01775041699875,2.2456312919966877,435
304,0.1233799650237478,0.030085949141575002,0.21194566118306127,0.08874752303992195,15.997622680664062,0.5140486842393875,1.0000000000000005e-09,16.0225927910069,2.2630957500077784,435
305,0.1233799684493021,0.030085950083602434,0.21194571804726262,0.08874752303992195,15.997622718811035,0.5140486764907837,1.0000000000000005e-09,16.05536208394915,2.2385800419724546,435
306,0.12337996545194209,0.030085949741047006,0.21194566255328298,0.08874752363939395,15.997622756958007,0.5140486800670624,1.0000000000000005e-09,15.938713292009197,2.227741207985673,435
307,0.12337996553758095,0.03008594877760986,0.21194565981283955,0.08874752269736652,15.997622718811035,0.5140486800670624,1.0000000000000005e-09,16.36042591696605,2.2842839999939315,435
308,0.12337996450991466,0.030085948713380713,0.2119455981528622,0.08874752500961566,15.997622756958007,0.5140486788749695,1.0000000000000005e-09,16.35698554199189,2.5608946660067886,435
309,0.12337996656524725,0.03008594980527615,0.21194572352814947,0.08874752166970022,15.997622756958007,0.5140486788749695,1.0000000000000005e-09,17.064364332996774,2.2869280829909258,435
310,0.12337996767855239,0.03008595040474815,0.2119457166770409,0.08874752226917224,15.997622756958007,0.5140486806631088,1.0000000000000005e-09,16.864378250029404,2.2355709160328843,435
311,0.12337996802110782,0.03008594834941557,0.21194577011568794,0.08874752415322709,15.997622718811035,0.5140486800670624,1.0000000000000005e-09,16.29379208397586,2.2418116250191815,435
312,0.12337996408172038,0.030085949441311002,0.2119456926981608,0.0887475231255608,15.997622776031495,0.514048679471016,1.0000000000000005e-09,16.440102249966003,2.2437295420095325,435
313,0.12337996819238553,0.030085950704484152,0.21194567831083275,0.08874752295428309,15.997622680664062,0.514048679471016,1.0000000000000005e-09,16.068966834049206,2.2210377079900354,435
314,0.12337996391044266,0.03008594937708186,0.2119456509063984,0.08874752269736652,15.997622718811035,0.514048679471016,1.0000000000000005e-09,16.08420883398503,2.218764833989553,435
315,0.12337996742163582,0.03008594963399843,0.2119457077705997,0.08874752303992195,15.99762269973755,0.514048679471016,1.0000000000000005e-09,16.101520208001602,2.2711016249959357,435
316,0.12337996802110782,0.030085948991707002,0.2119457201025952,0.08874752423886595,15.997622718811035,0.5140486812591553,1.0000000000000005e-09,17.116410749964416,2.249243208032567,435
317,0.1233799672503581,0.03008594991232472,0.211945750247473,0.08874752209789452,15.997622737884521,0.5140486800670624,1.0000000000000005e-09,16.089829833013937,2.2439960000338033,435
318,0.12337996682216382,0.03008594980527615,0.21194572695370378,0.08874752141278365,15.99762269973755,0.5140486800670624,1.0000000000000005e-09,15.776160541980062,2.3290659590275027,435
319,0.1233799678498301,0.03008594971963729,0.21194574065592098,0.0887475231255608,15.997622737884521,0.5140486764907837,1.0000000000000005e-09,16.21548341604648,2.280763290997129,435
320,0.12337996836366324,0.030085949441311002,0.21194569064282823,0.08874752441014366,15.99762269973755,0.5140486806631088,1.0000000000000005e-09,15.938456665957347,2.2493860000395216,435
321,0.12337997093282897,0.03008594967681786,0.21194575093258386,0.08874752535217109,15.99762269973755,0.5140486806631088,1.0000000000000006e-10,15.948067041987088,2.215485542023089,435
322,0.12337996836366324,0.03008594933426243,0.2119457721710205,0.08874752329683852,15.99762269973755,0.5140486788749695,1.0000000000000006e-10,16.093727457977366,2.2101043749717064,435
323,0.12337996767855239,0.030085949055936145,0.21194574476658612,0.08874752363939395,15.997622680664062,0.514048679471016,1.0000000000000006e-10,16.229515749961138,2.2476804580073804,435
324,0.12337997196049526,0.030085949505540145,0.21194578176257253,0.08874752500961566,15.99762269973755,0.5140486806631088,1.0000000000000006e-10,15.910322209005244,2.2172614169539884,435
325,0.1233799666508861,0.03008594907734586,0.2119457433963644,0.08874752303992195,15.99762269973755,0.5140486812591553,1.0000000000000006e-10,16.563673041004222,2.2233908330090344,435
326,0.1233799638248038,0.030085948456464142,0.21194572900903635,0.08874752004256194,15.99762269973755,0.5140486800670624,1.0000000000000006e-10,16.08622966700932,2.251201833016239,435
327,0.12337996716471925,0.030085949687522717,0.21194574956236215,0.08874752244044995,15.99762269973755,0.5140486800670624,1.0000000000000006e-10,15.886804000008851,2.207621957990341,435
328,0.12337997196049526,0.030085950276289863,0.21194571256637573,0.08874752569472653,15.997622680664062,0.514048679471016,1.0000000000000006e-10,15.860507917008363,2.2187357079819776,435
329,0.12337996896313524,0.03008594922721386,0.2119457584688033,0.08874752338247738,15.997622680664062,0.5140486800670624,1.0000000000000006e-10,16.047003291954752,2.235907791997306,435
330,0.12337996836366324,0.030085948542103,0.2119457653199119,0.08874752423886595,15.99762269973755,0.5140486818552017,1.0000000000000006e-10,15.875969083979726,2.2386190830147825,435
331,0.12337996742163582,0.030085949312852717,0.21194576600502277,0.0887475213271448,15.99762269973755,0.5140486806631088,1.0000000000000006e-10,15.882980625028722,2.233039209037088,435
332,0.12337996630833067,0.030085949890915006,0.211945750247473,0.08874752218353338,15.99762269973755,0.5140486806631088,1.0000000000000006e-10,16.17265141697135,2.2269337080069818,435
333,0.12337997144666212,0.030085949548359574,0.21194576600502277,0.08874752415322709,15.99762269973755,0.5140486812591553,1.0000000000000006e-10,15.936394834017847,2.244182125024963,435
334,0.12337996836366324,0.030085949976553863,0.21194577491146394,0.08874752295428309,15.99762269973755,0.5140486824512481,1.0000000000000006e-10,15.96537008305313,2.2095579999731854,435
335,0.12337996767855239,0.030085949205804145,0.21194575641347074,0.0887475231255608,15.99762269973755,0.5140486812591553,1.0000000000000006e-10,15.997017792018596,2.2391759589663707,435
336,0.12337996879185753,0.03008594945201586,0.21194576737524448,0.08874752329683852,15.99762269973755,0.5140486830472946,1.0000000000000006e-10,16.113868417043705,2.260623167036101,435
337,0.12337997084719012,0.03008595040474815,0.21194577011568794,0.08874752458142138,15.99762269973755,0.514048679471016,1.0000000000000006e-10,16.57031579100294,2.2575100410031155,435
338,0.12337996596577523,0.030085948659856428,0.2119457653199119,0.08874752107022822,15.99762269973755,0.5140486788749695,1.0000000000000006e-10,16.681910790968686,2.2883809579652734,435
339,0.12337996870621867,0.030085949441311002,0.21194573586014495,0.08874752381067166,15.99762269973755,0.5140486800670624,1.0000000000000006e-10,16.323116292012855,2.2714302910026163,435
340,0.12337996802110782,0.030085948691971,0.21194575230280557,0.08874752381067166,15.99762269973755,0.5140486800670624,1.0000000000000006e-10,16.701282499998342,2.3196434999699704,435
341,0.12337996596577523,0.030085947964040714,0.21194575915391417,0.08874752175533908,15.99762269973755,0.5140486782789231,1.0000000000000006e-10,16.537592875014525,2.445220584049821,435
342,0.12337996767855239,0.03008594933426243,0.211945750247473,0.08874752441014366,15.99762269973755,0.5140486800670624,1.0000000000000006e-10,16.506375333003234,2.2656499160220847,435
343,0.12337996956260724,0.030085949419901288,0.21194577491146394,0.08874752441014366,15.99762269973755,0.514048679471016,1.0000000000000006e-10,16.214244542003144,2.2872559169773012,435
344,0.12337996870621867,0.030085948991707002,0.2119457420261427,0.08874752389631052,15.99762269973755,0.5140486800670624,1.0000000000000006e-10,16.69670374999987,2.2473518750048243,435
345,0.12337996853494096,0.03008594976245672,0.2119457201025952,0.08874752269736652,15.99762269973755,0.514048679471016,1.0000000000000006e-10,16.1493770829984,2.300138833001256,435
346,0.12337996630833067,0.030085948820429288,0.21194574613680786,0.08874752389631052,15.99762269973755,0.5140486812591553,1.0000000000000006e-10,16.237800208036788,2.2940233339904808,435
347,0.12337996836366324,0.030085948970297288,0.21194575367302732,0.08874752381067166,15.99762269973755,0.5140486758947372,1.0000000000000006e-10,16.093945708998945,2.2521492919768207,435
348,0.12337996862057982,0.030085948584922428,0.21194574545169698,0.08874752261172766,15.99762269973755,0.5140486800670624,1.0000000000000006e-10,16.01671791600529,2.2658621669979766,435
349,0.12337996699344153,0.03008594963399843,0.21194574750702957,0.08874752201225566,15.99762269973755,0.5140486830472946,1.0000000000000006e-10,16.342372166982386,2.23560954205459,435
350,0.12337996613705295,0.03008594971963729,0.21194571736215176,0.08874752175533908,15.99762269973755,0.5140486788749695,1.0000000000000006e-10,16.163421457982622,2.2618696250137873,435
351,0.12337996922005182,0.030085949933734434,0.21194574956236215,0.08874752295428309,15.99762269973755,0.5140486824512481,1.0000000000000006e-10,16.143016749992967,2.288440207950771,435
352,0.12337996802110782,0.03008594877760986,0.21194575778369246,0.08874752346811624,15.99762269973755,0.5140486812591553,1.0000000000000006e-10,16.207454500021413,2.4786527500255033,435
353,0.12337996819238553,0.03008595003007815,0.21194575572835989,0.08874752149842251,15.99762269973755,0.5140486776828765,1.0000000000000006e-10,16.159855458012316,2.2822074170107953,435
354,0.12337996956260724,0.030085949976553863,0.21194576943057708,0.0887475225260888,15.99762269973755,0.5140486812591553,1.0000000000000006e-10,16.099007415992673,2.280723207979463,435
355,0.12337996767855239,0.030085949162984717,0.21194576257946848,0.0887475231255608,15.99762269973755,0.5140486782789231,1.0000000000000006e-10,16.22934424999403,2.323054125008639,435
356,0.12337996870621867,0.030085949441311002,0.21194575915391417,0.08874752107022822,15.99762269973755,0.5140486806631088,1.0000000000000006e-10,16.184818542038556,2.2789786250214092,435
357,0.12337996793546896,0.03008594948413043,0.21194573723036667,0.08874752141278365,15.99762269973755,0.514048679471016,1.0000000000000006e-10,16.55751437501749,2.395419333013706,435
358,0.1233799644242758,0.030085948477873856,0.21194575641347074,0.08874752235481109,15.99762269973755,0.5140486788749695,1.0000000000000006e-10,20.279677666025236,3.1017003339948133,435
359,0.12337996956260724,0.030085949441311002,0.21194573037925807,0.08874752389631052,15.99762269973755,0.5140486788749695,1.0000000000000006e-10,22.396537916967645,3.148628041963093,435
360,0.12337996870621867,0.03008594770712414,0.21194576052413588,0.08874752338247738,15.99762264251709,0.5140486800670624,1.0000000000000006e-10,22.544146833010018,3.0595915419980884,435
